{
    "centroid_x": 3.82110450682685,
    "centroid_y": 0.035282367467175564,
    "stringer_area": 0.3,
    "stringer_coordinates": [
        [
            2,
            3
        ],
        [
            2,
            -1
        ],
        [
            4,
            2
        ],
        [
            4,
            -3
        ],
        [
            6,
            1
        ],
        [
            6,
            -1
        ],
        [
            2.6667,
            2.6667
        ],
        [
            3.3333,
            2.3333
        ],
        [
            2.6667,
            -1.6667
        ],
        [
            3.3333,
            -2.3333
        ],
        [
            5.0,
            1.5
        ],
        [
            5.0,
            -2.0
        ]
    ]
}