{
    "chord_length_c": 8.0,
    "spar_positions": [
        0.2,
        0.4,
        0.6
    ],
    "centroid_x": 3.151132293840583,
    "centroid_y": 0.01994403059011042,
    "stringer_area": 0.002,
    "stringer_coordinates": [
        [
            1.6,
            0.0659
        ],
        [
            1.6,
            -0.0336
        ],
        [
            3.2,
            0.0814
        ],
        [
            3.2,
            -0.0385
        ],
        [
            4.8,
            0.0709
        ],
        [
            4.8,
            -0.0279
        ],
        [
            2.0,
            0.0698
        ],
        [
            2.4,
            0.0736
        ],
        [
            2.8,
            0.0775
        ],
        [
            2.0,
            -0.0349
        ],
        [
            2.4,
            -0.0361
        ],
        [
            2.8,
            -0.0373
        ],
        [
            3.7333,
            0.0779
        ],
        [
            4.2667,
            0.0744
        ],
        [
            3.7333,
            -0.035
        ],
        [
            4.2667,
            -0.0315
        ]
    ]
}