{
    "chord_length_c": 8.0,
    "spar_positions": [
        0.2,
        0.6
    ],
    "centroid_x": 3.199292920387343,
    "centroid_y": 0.15043496532906234,
    "stringer_area": 0.002,
    "stringer_coordinates": [
        [
            1.6,
            0.5271
        ],
        [
            1.6,
            -0.2691
        ],
        [
            4.8,
            0.5673
        ],
        [
            4.8,
            -0.2236
        ],
        [
            2.4,
            0.5372
        ],
        [
            3.2,
            0.5472
        ],
        [
            4.0,
            0.5573
        ],
        [
            2.4,
            -0.2577
        ],
        [
            3.2,
            -0.2463
        ],
        [
            4.0,
            -0.235
        ]
    ]
}