{
    "chord_length_c": 8.0,
    "spar_positions": [
        0.2,
        0.6
    ],
    "centroid_x": 3.1999000290523822,
    "centroid_y": 0.018805675073279144,
    "stringer_area": 0.002,
    "stringer_coordinates": [
        [
            1.6,
            0.0659
        ],
        [
            1.6,
            -0.0336
        ],
        [
            4.8,
            0.0709
        ],
        [
            4.8,
            -0.0279
        ],
        [
            2.4,
            0.0671
        ],
        [
            3.2,
            0.0684
        ],
        [
            4.0,
            0.0697
        ],
        [
            2.4,
            -0.0322
        ],
        [
            3.2,
            -0.0308
        ],
        [
            4.0,
            -0.0294
        ]
    ]
}