{
    "chord_length_c": 8.0,
    "spar_positions": [
        0.2,
        0.4,
        0.6
    ],
    "centroid_x": 3.1577276440341286,
    "centroid_y": 0.15948818816975582,
    "stringer_area": 0.002,
    "stringer_coordinates": [
        [
            1.6,
            0.5271
        ],
        [
            1.6,
            -0.2691
        ],
        [
            3.2,
            0.6511
        ],
        [
            3.2,
            -0.3084
        ],
        [
            4.8,
            0.5673
        ],
        [
            4.8,
            -0.2236
        ],
        [
            2.0,
            0.5581
        ],
        [
            2.4,
            0.5891
        ],
        [
            2.8,
            0.6201
        ],
        [
            2.0,
            -0.2789
        ],
        [
            2.4,
            -0.2887
        ],
        [
            2.8,
            -0.2986
        ],
        [
            3.7333,
            0.6232
        ],
        [
            4.2667,
            0.5953
        ],
        [
            3.7333,
            -0.2801
        ],
        [
            4.2667,
            -0.2519
        ]
    ]
}